736416,2f9dc62027d068e3371d63f4f77d3d0c
736415,c537d3233eacf0834a9ec87d1ce9ce7c
736413,5ceacc75740a0cac1b6c050d665204f6
736414,b792bd30020a2eaa18c8a8720d3326fc
736411,c6238afbd391a14dfc96d13e38541ac5
736412,b330e873ebd7ab67cbeebb761b0b365c
736410,d803aa8abcbd2179223197809397b8d2
736409,2077b01dcf72248aa87635b39c4e1126
736408,64ae9b1b9f9ff956966f1c8c0bfb1fde
736407,8668c945a9db6cda018cb2800148ede3
736406,807b31d9281b1ab2cbf28dba15ff5ee7
736404,91d7a6018b2643d7dcfc3284be903887
736405,9bdb33857cd824b97fa6faa299706633
736403,481da372e1fc07d50c4680623c361e95
736402,fef644d4a3a49d6060f23e9316d0668a
736401,9fa51406dc5680d9f85fb533730ce384
736400,2cbcf0bf64c36bf7a3a57561a556d0f1
736399,e0b2e9589c11d071e556d17802012d17
736398,b9227cc01cb77ffae94fd6b7d88369ae
736397,897afe1c021ab002d70490cfeaca3b6f
736396,4c8c24ac6b24ccac4a86d06bc69eab54
736395,aae95adc48d34c099cf59f6803dc52ce
736394,596eb904eea89fa85173e13cccc4bb75
736393,12b0daff2535e3bbc7ef258e3c2d9f80
736392,2e55a977b3b4788f1b4562c6828598a6
736391,5c37df2117d476a4d0ca006578a6542c
736390,7d9d506baeb0f539fbc080b23bbd70ae
737388,4b7c4739e68cc4f87eb47db66f6609aa
737386,19028ae05658de7358891e35d9e94047
737385,7e11c4c427bc06ad52b0f3cbbc312f05
737382,ef38236e3be1e6e9264a28308420bf39
737383,46de62ccd70584803c1d1171d2233e41
737381,6aac5874c250afa21eaa3d930f834434
737380,070ced1260d6c8ebd87777dcd89c6445
737375,48eb271f23d250ea8e5c5854cc969a47
737378,3fdf73289158c872cae43f1bc6efb5c7
737372,ce322cc3e6f0c663a8ad7f91945b1e60
737370,b54fd33d83f457ce0004728720830c1f
737373,a4478e8e1f672e712af8f880c52ac39f
737368,c7bff62b46c52c08fbfda8ff6f99ee10
737367,97f5accb6245113b041723d66d239b50
737364,d29831422cd2c697faaaba3807708b7e
737363,0d9f949a5c8f1f23941c0c9ec8a0aa56
737365,999dd9d37f338b769c9b341b26a4d2fa
737362,b1d2adc2c19d60d25785fb91623c849c
737360,d1018e26496aea6138cb6cd39a757368
737359,97812bd63dab64dc1a22255f34792cea
737357,9ede86ee2fa76831ab2073eb883d9abd
737355,06ff97e8882792ca56ff7cb297e9f8fc
737348,4a8fe72544c19d3c1fa7df01ea3ad3ca
737354,377744bc04a8f2079241144579126777
737353,c8080b353a52b3163bed538687c34033
737352,7c3f398e3d3cebf5ccacb8e4518b30f8
737351,8d1cca170d173b319e67e513c49ec58c
737350,6f7bbaf3b884583a61034138bef372a1
737346,f220473178c36acdc4df95ebca55296a
737349,0cc168e1ea43d793d16412abae63fafb
737347,cea5cff34bea07a4d4614c6e34c4d517
737344,6dc3156281645166871091fd5ade5d5e
737345,a9e091bbb2441f239776508b1e714977
737342,c2b1645b4624d6ffce405a5969814d50
737341,7a347620712ea0d9c6fa5f081e2bb4dc
737339,142b286fc4825f9f8e899e296d2509ef
737337,0144ae665bb3353f1c9d3420adaa2621
737336,d3daecfa2a625abe4e26dbdb8fb69765
737334,a0f4ff736d4eff6e97d642cbc14dab5a
737332,8ca3c2261c793be6ab5f20bd008d9ca6
737331,68b80233e34411a60c9e07a2d8c27819
737328,2442dc2eb6b4dffb9b2cbc2a8c7230a3
737329,e89ec52f91f475f79434849a28d0521b
737326,c43e28a902e76377d048b3bd81054972
737327,07cc0a3ca9a7e3ff13836a49c2233811
737315,1a1468c6a8f19ce35e138a052d68fa5a
737323,afbfd1cf06047cfca69e1cf504dd0416
737324,bedbc0d0be52e427abc9d7ab390f6f46
737321,c2ece5bf30bbbf3e69ba02ffabeeb864
737319,b3694001ecfb9139f84a7d0335ad55dc
737316,f0fda80896aa390d63ded96d4530cecd
737318,4bde662cc7b8cab15a16d79d6db47ad3
737314,956524ef8ca1a688e2ae333d6e1805ca
737311,c8b33ed7b64c6b6a151655fca94d0f96
737310,5aef88aa6f5e6cdaf5c032231ccbb489
737308,1bc42d89440dbcc296cd2a79f9438b31
737309,ee428a13ecc3ee6636b7efec0f25811b
737305,249d7176b8a69b5de29175790352727a
737302,76c789468bed953703243668e2250b31
737303,4b93a1ef18afbfc414a46c79af6ccb46
737298,edd65cf7160248b098f44c382ce26bbb
737306,e7252fc1df27e4f20e2b849e64c916d8
737300,cf7864cde9092a34f5e4a3395307a292
737293,f1775ef83ea254fb2ea6fa1450970217
737301,e349725d9c1b532a768c4343103a8c55
737297,e353f8064d9ced11c6db6b4152824a19
737296,1bd398fa415dae82c51106722e64d557
737287,1a9dc73a840fc10cac7f403dad129b61
737286,0c1aa7b0c0715b64657ae7d8502bda59
737295,4df5477a51a624a53fef6ccc3f806209
737285,8a75880cabc8d4bd2977d341d23d10eb
737282,52bc6cbf2c63377b24bf6c235f1e2089
737291,7370a685359a2ec5a9861c21daa1348f
737292,eb3e3c3ffc949a41c090277d93414457
737290,95f9e4a25ea5c08d83bfcc9eaeeaa21c
737283,85d5d7038fb435d71cbca9fbb699e656
737288,3bf13559ae33f1ba0f77fd46267f7dd9
737281,56dd0ce28e95c2fcafde82e0c2c6ea6a
737280,39cef6178be2dcd1c57223579a59b6ec
737277,078e98132a966c5e03ce4c57cae72b2c
737279,47340dd8143762083369eef819f6bb5f
737278,f00737f38c387fac7f2206f8b2914b91
737275,93cac224b64abdc4217c5bb8e93706e2
737274,7f5d31a4b21929d9f8410fdd823c6d5e
737273,b60f4ddf1633f35fc3c028167ccd626b
737268,d8d7041274c9c4ccf80c348a1aabc682
737272,3505238d498b269c3b434688352ac452
737270,8d52adc0c4e826135868f3ef88e11440
737267,9ef6ab6ab4cc06aad4892c7e988d2d78
737265,c45c6f5d469521e383e72a28989060ce
737264,2fb37d63f50543de3c3b10791e5726fc
737262,45b86804eb27ae16f3560cc410aa84cd
737260,7c4795a0a1e0c3c8988c2221e4f4aab6
737259,350b02041f8b9cdac3c51e9b1994f8bf
737258,0d2abb39911b4335cdba9f89d964881b
737257,af5da1579679abb139309fdf4d5ba0dd
737256,d41e55db1c1ef5c382f1091f58bd18b2
737255,99a62254ab101f039c1fe1f3210ce1b0
737254,bf215f0b3a40dcd446f8d91be5f39848
737253,e9ec5c0ef38dfa205d00b322feddd88b
737251,b9d6819b0dd144104c3f4c29da4682e5
737252,cca1cf087997ab9398dd5f8532237042
737250,7e55658aa31c9b9a29dae8f1f2c98a91
737249,33043fb2860b16bd67614a8238fdb1f5
737247,017027d9c26115ad20c2b1e2138bb2c6
737246,ed91667cde6edb230f5ca5c8acb6512d
737244,ae41a090c53beba4cd57829bc37cf7ac
737242,2c7e7562b31a34dab734d125b4b5ab6d
737241,0e0c1321bc239090b77739db425251fa
737239,ab386af7785515d325c1282f18dd61f1
737237,9a765cd45963d99f1479dc2deb7b994d
737236,e8c5d9148593aae5a47d9c69f903495a
737233,fc0d12ba391822417cb68b184d2361ce
737234,9b3cfbd65954f334208ce2b8496d0096
737232,05b25eca0a6c2a8bd7957c0896a4e6ec
737231,ae16feb4bf34077b6d4a5481cf7903ee
737228,726011fdbbae5279c189390fd5a89332
737229,14590c5f87c4f1d2f6bf006a87908013
737226,edc2e4b7e60864aa480c105e4f920746
737224,b38b27394401a0f179ddd51d5f1119bd
737223,2b3a2fdce3ce30b87a7ecfbd96e14fcb
737210,6e1ad09d0d41eb1e2928e8ce997fdf1f
737221,87e982c5f016a77c30fb82d42510e39c
737219,66c67df7cacaed11bb59ef5b2e1f4a3f
737218,4d9cd6a577febf2287ff3cffe5592520
737216,79b34bcb6988be17d5d0144e49661dac
737213,b2b0b524e11165267235f6520dc50d7c
737212,71e1cec33328a2d46b8493910a0f0ac4
737211,93476525acadd84b14f47e7de7f07eaa
737202,2c4979f0be2ed1a0d97858f27b08e67d
737208,32e9294660604c44a89e6202290542ee
737206,ba5a3e1d4357c64a84f3ee55c5da08b6
737205,2a641b85fc2d2714ccbd9828c6fa8409
737203,9e711e0d795071fdc2e8f3b199f1dd10
737197,85ffac34bf1e6cac92ea80aa9443a3cd
737201,f0469802aa2aae959ebc21a992917fce
737199,66dc95c3efee19c85101541dba7dae3b
737189,3da8964545c768baadb5a622c48b0ad2
737200,94168528c41800ef40687117d22fc440
737198,cb11b53a68bb3151bc5b1b8738fcc0e0
737195,318b37bc2289875d4769f4c055148246
737192,b6a90f1c56e78243931a41e513a3298e
737193,895babe0fc2955ba27064f8d9beae511
737184,2c543a831f741a945ea290e2511d9f91
737190,5813d7b8ebd10a364808dcc4d38afaa9
737178,3cb80dd2351481c3c5897b7e079e49da
737188,f293a30762d1b1f9b272d98445973511
737187,f58dc1792530eb351bafff6e366f2045
737185,aad766ce935259085cfdf2716e67e415
737182,5e87c9da2fd0bd68cd27d1538ee6cd5b
737183,a76485995354d7a8bd8999022c992212
737181,304b4f4f400557b3ae8bc67ac2124568
737180,cc029534cb90620f8895f609119cfbf4
737179,eae50f80134cb365a0b6a87fda0cc1b2
737177,5e4859b7fe99cc2c838501bc7719da9c
737174,bef9fae1466831570fd0835030118473
737175,805766d2ae48f8d82ff67cbb56380d96
737171,b517b9e14f79acb46e4c09d95ba0379f
737172,67abbe767ef37e39b51baf3c56443366
737160,bb559aca3e8ef0ad283838a9e228932f
737170,525bea8c24c0d887a2ac150a81b71e81
737169,9729d405d7f48150ea28f7489f6fe1d0
737166,a870c73d317bffc0a39e3fbb2a9267fa
737167,76b7f406ed1d758b7653604b351c79c4
737165,deebdb81add359daf504007a388dc009
737164,3c0ce9fbc11d2686c4d6779b87b99f23
737162,fbf2e79ca5f7b6396fbbe00d2655e094
737161,e2124eaa165d52d4106bf22981443829
737159,a42e8d84ce061dd20907bfb05f123a68
737147,5fee70d87ba078216e4d725211de4b69
737158,8b382303ac274c1fbe6a21bd0b1eb48e
737153,f6d8c18937608f43808c794bc9053487
737154,532e1ef79afc784534356b6e73b9bdf3
737157,63033c666f761d397197366105a4cd63
737156,201a4093a152a2f016d6c779938b16cc
737152,bd8652841de0800af0c4bb7a63895c00
737140,601e8c836df2a8a28b31246fe85bf6c5
737151,2b4745b942e391bc53098919ba5e0b11
737149,5a96ad40efc58f23018bfd8123e51946
737148,dd8bec7fae3b733fd5a1a362c0336b61
737135,5b178076cc1032c8b0cd5c42e6705811
737146,43c408d22e239656eb88ec348cc1dba5
737144,f747d88e2984373d9b8afb0240a02a50
737143,cea9d0656977d87f808e0779e7edd04c
737141,ee63c9fb2a8c2adebe06774274913142
737139,856cb4d707609dbcfd9dd09afb7367ce
737138,c56bb2698422b80d9f87c2bb58dc6a50
737136,09ec20f6c3ab0d1b4b54d25704c19f97
737134,1fc41602ad43521de27682b46692b88f
737133,6e17628ab39d4c37757d791c0748c69b
737131,9a7d2aa3b28d50147eb19ed05ecccc43
737130,24718ba072c1167dc6a7622317bbbeb3
737129,e5db102205abdf57e94952bbf1300a96
737117,983e5cb45922d18a6ee0ec8645673ea2
737128,75d46a41d18b465aaa6a6a887ba76534
737122,d2b23373a32dbbc6fed5ff7573d4b8f3
737126,5072fbbdabbd0154676e760650f08df1
737125,42e14fdee67c1ca171c3a050a512d138
737123,ed93d8335c6b54a88543ad528f05a615
737121,933bc943ed5b837e17bd189b91c856a2
737120,93ab83f81a46b5328d4d38bab94f408e
737118,5c354a93db014efecacbce322d9f57c9
737112,29f6ac853bde40fb43c3e8cdad902d11
737116,fd1b30ee50661c62c30af3601d5db48a
737115,f4705f9624fd9dd60cef3c2602aa675b
737110,e81ff84fe5b2c6f60d3f01b0ed1c5db7
737113,6e54be4482df5166ad1a29ee80219bc7
737111,bed326e6286f09924248e6aa36c09020
737108,ef339e3703a5280fd6ed26fa11e2e6ce
737107,c8a6ebde7bde135d9384fa85320bd05a
737105,6b6e66da4f2e6309918c3d3aeebef770
737104,3ea088c34b9f6ca37ccaec3280698227
737094,54af8991fa1a4ebd5fd7674cd89083eb
737103,50e4dbc21a397c5a244a06a38143a378
737102,d416a473265b2f70f1b49cac0c084e2f
737100,d019701f9dfb42ad69625e10c50d92fc
737088,9390d54c4885e55dfe296b05125488e0
737098,940023d118823c79d81d7782cb8fbff4
737086,aaffc6ad605e7c4ab20f0755fc1bf7bc
737097,b554cfc350d61eba1bd0aa16d6fcfb26
737095,98eb3dc6ce4c3aae1775b508539a68a4
737093,52fe52b91f48ea41e21e5d9e3c6e181f
737092,2d1fa2d71240e6d14bf52e40bf1d4125
737090,6e2b35339e495fc1642a9841a75e53fa
737089,7e7d79ce2c6de47edc5a8c2dad8c97be
737087,77c4bcedc97cbbe0f2642acc1e3e5f50
737081,ebacc74978d9f337280a11885e9b7e83
737084,639af4ea0e4bc7d44e4fd979bef528b6
737085,2941f6c70eccb9b5ac7cd095034f4999
737083,daeaf0e9a9e4bced032adb6191469b8e
737082,a1db05e6404e9e2b88ec95c610bf008d
737080,885facf06f7d70bfcc2bbf67e5111bc1
737079,59256f8e30ae5612d991576e3542dd86
737076,09da1d45838c21ab6261142934e4b0fa
737077,27cad201a969ef837eaeadf1bdb217d5
737075,b0cc4d514af29c84fc1e365980abe570
737058,0cc52ed2820ed97bdc4be817d50fc614
737074,27eb336295c9a9462b64b17753e15abe
737068,dc554333b6a230970ba11294ffd5ceff
737072,ec0fe3b25584e7d93176a63ddca05c50
737070,57cd49140c83b61ffdd1a064444f51d3
737071,1fa03a512056ba184c43b5a75c70fc0a
737069,8c3e57d7839b6380da0d9497a66150e0
737066,b88065bcb3f0a361ad7f729f7998bb36
737067,5d908bf1e5f08c53a467f25a6d4cd278
737053,6b82e0d73e74e0db07d793fa842014a2
737064,f80341c893820a04674f678f1c7f0025
737062,a12df3f76ec7011f142d8f6ade2edfb1
737061,160073e216e6a2538bc1be733a21d279
737059,c724b22979e98d95efa874ab9ea9e173
737046,7fd63661a531b73d45564b48189d2f6c
737057,56acf406275edd32fcdb9a4be26a1705
737056,c14884f5633f51923f32a2eba155601a
737051,99300d6cec1b75801c4b8726a7ad81e4
737054,abb98997601a6b6c7f602b3914a6884a
737052,799a8f923159ef3741b04a6ca5797737
737049,2b32e36096d627a02fff39379521d840
737044,e57873ec387aa3737a315c4197905071
737041,aed97db1b8d42452322d692936d1946a
737038,bedbd87e67a98d2fb283d6e152cc0e64
737039,adc00716a9a5381c092dea34f442bc94
737036,127fc9cc3314d3c13361a3dcedb4c9fa
737034,bfb866fc76bce7487e0869df815b42bf
737033,a90c47b50a033e8ae658dbd86ca9b629
737031,6188c0ed329657db02bd3a3a9f1bfb2d
737029,3bb10912421222b0c812bf8ecc7291e5
737028,49e36af0996c74e48ed3990f42f40f8c
737025,a688eaa49ecb5a05365049399ab83821
737026,3648aef7749736b6376887c9e67a50b5
737020,cc01a4fff536efb70932568903442eda
737023,b6cce8382d3c5c280bf9c1193e965e38
737022,05583d0bc600212deab6657cee6704dd
737021,bf8604fc5474731044641fb1829e84d7
737018,36e3e9652736a3846398c8d9143b1115
737016,08fa640fdf4fec03d7ebd623ed6d6239
737015,69ee5c402a6c95da2382ca990c785460
737013,7b6ad31ad963db9d901d584cd4710b0c
737011,85e6f9833bad81fea4dc19067a6d0a90
737010,d1025ffaaa1ed7a9cc938228504200dd
737004,fb180663518e2bea8acfa882931d3f82
737008,e3f35d65dc4534675aa9ffa1a1365ba7
737007,99263565d7718a89b6e6d956222e9d34
737005,2206a782746e802aa6dded24e5658c84
737002,c48a24b5f6488b06d42774588f05f8c2
737003,60db3fc3258fa20598e24b1146c40c14
736997,b6b883b99adc948baf765d3b9d537130
737000,ef7ada4dae0e4b84f2efe86de5c3997e
736998,34bd794ca2dda2dac7d1cba542ec5bc7
736995,1f02937155b005204c3835406b6facb2
736992,f34828f16bd95127566c514dd3afd9e5
736993,88ae9916900b752faf313dd1664a7d1d
736990,fa6b079fe7f79ac71c212eb38267dfba
736988,8a6032fe14da287e1b0b719bae2dd48c
736987,1c1978eb3ebc17bcb037ea3fa3b9fd1c
736985,650767d414dfd2acc0e149d6e81604c2
736982,0cd229ca7da49440758c8cd134dd70d2
736979,54c506a4024759704949ec8657f06bc7
736980,e1fbb863495094d0838f5bf3bfd8fe7c
736977,f06de796466867e6a0d807fbcdbb28e2
736976,4834a452053003fb8c76edb6a494ebc4
736975,db3575096e5c8e6f0a152ef85d7fc462
736974,54c47e59b337d758630f8cb55fad0623
736972,e93bfff108ce19b22d100ac6b662cab8
736971,a8f81ce2ca6fa497c6e0793d7e0675f2
736969,443e73bc7b7009e4fd4a13dbd2199507
736970,e909bf43f5f578a72051adf305a9a742
736967,90e5aa33d730ade1a11fc958dc502b9b
736966,40ab0f41dc67d3f4c20a5d599518a777
736964,931563f6b89d89e6f28d8630dde851f4
736962,630b7923165498fc15719f8f4460a17f
736961,f162b450761e23edc88cb4548b6ea9b3
736959,7e1a334d7c42a75977d7026378d010e3
736957,ccacaa9f5c31fcfaa8021a4a31927c3e
736945,f92ef455408f4bbbd49cf1ce3e88a4da
736956,4d8885601be1b0080992aa70145e515a
736954,ef081a8645c121576f2c8eff7bb0f75f
736948,122dbca43bccfebd1ffcf60a492d8492
736952,17522b7aa82b09159090bf1e9318c15c
736951,b376e318a29d69f8c1468d950f99489b
736949,3a9b615cf1086f6e2dde7432d5aed22c
736946,092a58f02ea224e68b6b80caacb77627
736943,015f476a54ea48c4a3599feb4058890d
736944,3c7dd775972d87978f2349224eb0d18e
736942,00f3d9966ebf8179f8fd9f03e0961a15
736941,ab4d4d0fe0adac8a797e5e947bf837d3
736935,128f8e2a3c39571143263e1acea65bde
736939,0bfc793712e292077bcc3f49bc633956
736938,ad8e9e1b31b01c8a436e92ace0f0019d
736936,46d9fe2683cb3838db18b54ee621f0d3
736933,34d61f290692e04b07c94b931a00637c
736931,6466371786f21ef67d07b17b831bb801
736930,9f4dece091a0c7d640dd07d62ea7f9fc
736928,14d9c71652146dc11ba49ad506f44aaf
736927,3048215e419f0726a4b52ae4e054cc9d
736926,2c1f88f25bef81906735060c0d07cb70
736925,943f55b05a82e51d2937b429c6537ec3
736923,8243298dd867b0470fb373cb7b1217c2
736922,1ff78236fa8d3a0cf5bae246468ff542
736921,7041b8b9dbb1276cacf3a0b09603dc28
736920,c228ae161c0a89e4a67493f217e09431
736918,57b7242f3618b3ea46b38ea605ecdcd6
736916,b495bc05547d82bcc4108591bdee3097
736904,e3d51c6b9ac448f5cf44c64b073cf3c5
736917,a5ccd6c0db9fab67b01c4c6f0a566bd8
736915,80b4b4b07df8abddee7def93b3a86e61
736902,c833ef8195e1b1959d44243c90ecf66d
736913,aa3bde23829299f1d1d1f396de628135
736912,17619a4324360072122423b918f32b65
736910,3b4c7eab98f0276cb8a266383cb2d6b5
736907,48770a6ec202d1e4ae47a47f897ca9d6
736908,33eefc99cddf2d3530a4cd136904f021
736905,1db44922f0db38e01de1783d38846161
736903,a08ec062369dd5219d8e933da23e6d99
736901,5d4893cb61d81a9426c97291a808d70c
736896,d2e9afba7d4c3dad0b5cdba72aa76843
736900,d82113fc409d43bb47f37d7b4824c0ac
736899,e188f7a826793cca2047d0998e5a6e05
736898,c08b051de4723761fd9104c9fc29af81
736886,2bc3480948b44dc6de9f24af0be257de
736897,91b08cea22fbb9df60dd65940e0b97b6
736895,fea5df2394f0812f167ceeced598171d
736894,37b7e99a33a05cdc76e6f5e6410829c1
736881,a899f8f29631582a6cc9bcb591147f58
736892,c3f37fce772ebd4092183ea36ebf9324
736889,f369cf6e4013568d89772627bdea6b02
736890,45601ba2fe5d1928e5d09eaf288af244
736888,82cdcf60642307ef7be08c9d4c6d0370
736876,3288c4841291d03b2488bd955317f774
736884,d14509af588e7f238cc3f244e71f47b1
736887,d1117e7098475b5b9f1bd4e5bb3dfef6
736885,4736fbdc6fdfbcee96b88ea24479f987
736879,25a471b4e96c433cba68156531693ed8
736871,2b835030235039bc7e4aa91a75cbda6e
736882,5d99423dbdff144067d1283da46180b0
736880,fc77c0e530dfad9ea86c76fe1c9a5a90
736877,bb9f5429285443097a3ffcf780e9ac84
736874,0431b46a3ae4ccdf5a11e0bdfd84a0d3
736872,939f00ddae504164ed20398a9966909d
736869,b136db753db9bf44c1f20890bb5af53f
736857,cae0d22eb71c5be6d004c626142beb56
736866,67b50a15757f2faffa620c9da1f50f19
736867,94a7873870b2e746c67132913aedb123
736864,5139361c830bc616a81575a6112456f6
736862,a06439990a4af230e5fa6ec9228c46ec
736861,24f10921d7a70577c4ff73c9f5beb7b6
736855,e40ed0674da322cf7ff5a1fec4a6a0e3
736858,e104b12d879e9e73884134fd641a78c5
736859,9ed7139e542a9d8382188a18465d52b3
736856,2d0e802aa46f56d44dfdea1507bc4557
736854,c209fd99f950a8c4afd99ce0c7cbd384
736848,7aa3d8aa40497643ddb7f48fdd73b02d
736851,cbb54a665c24b00dab233be77f856b1f
736850,927f3165804ce2f33edd4a0c03ec44d2
736849,09d162d01db0346f5a394a005bed77dc
736844,bfc3e17b7b2551a2571b11d8a58f9686
736846,cb94f596585d79a6201be16fff189e7f
736843,46a599cba5de4bd7a5fd99074fe59da9
736839,1df46ffae6dcb05438ff79e6b3d6e7d3
736841,23d9a4e4743257da378d07f462b9a177
736838,0e7e1d911873fc47245f00287bbff442
736836,6e239ae126784199ceb65bbe166cf77a
736828,62a11d0352898371edd3d8de626f3231
736835,ff0b395698b742369bd7bc8cbf2b7666
736832,c3ad4b99afcefa268f2a89008f9890d1
736833,94f49d92c45b6dd316cc87bf5fc4d001
736831,15375e5adb1bb3a8d83253f6eac7be82
736825,467c1da0266de7fa73cc80fea3cf711c
736830,e8651797c82f5b05c4ece7e6a7276203
736826,700598f12360983a9fca552fc5cc96e0
736822,7779df68ee67253ca8f281a995148e85
736823,8b3e77448fad930f077965d2c0d54a76
736818,dbc83723e2eec467583bfa1a0ee379f7
736819,7ca8e4c1f4ef6af183aa3b704bff2c35
736820,3b3d1ba10bdc964ec82008165f50470d
736814,1094903d00922d255b53f4e16542f7a1
736817,0607d395ddbf0dc5f958508bc4e41995
736815,216da4d350404ec276c433e492690727
736813,1c6dbd8190cff92f3c14c87d4814bc67
736811,53be3f0230d296ea974947f4c4ce2eb2
736812,d2f24054b6b344a1453700443a3c69f9
736809,cf5159f875ef3155c22b210498ff4d05
736810,059c80ee122e8846c3003be7047fbd3c
736808,df4a03e3c620330a94a7e1a2e479bcd0
736796,57cde74a33a746003094fde3985a251a
736807,adf098652726cf9e4723e74fa0253793
736806,7a3f33ccd2bfbf9428ecd08dd84b8708
736805,190546b9af3f9398f1dfcfd4541149b6
736801,51b9b08cca5f38664f5710462b87f9d6
736804,b95383631475c18cdb55aeb2c79cefab
736802,a16a19a39270bc9d79944032a76adfa8
736790,8fa7c9334ecc95a9dc3b2635b684bbfe
736800,cb87e8b95d4b130d1cb1f6ef70769d29
736798,bcf6bceae82e8f9fa54f93f1836e0122
736788,61e996d32bfa417b76a104c8768795f8
736799,c59d2d586fa23998d4ff84880b1bcaf7
736797,47b5c29dac9b8d62f9abde8cc10233ed
736795,f8c068185b710cc2b5448ff165e54524
736793,e9422c38289fbfde5e18e39900a1624a
736792,e848c8cc33b6046fa5a6618ba88c3c4c
736794,61ff02c174b620dacea1abfa8f0b022a
736787,e06843ff01c5479b68696757cea20536
736791,cfb945e5fb70ff35a1f1936a72428653
736789,83043d0a5e03c3152ed9aaa6ee1e03aa
736786,06b5afa326098af312ba0abb37e04942
736783,96b83de007faae9e4d3b519723f4c2c1
736781,7901d635f9d4360b15b8e006a65b6e75
736784,0fe0611c539aab522bbd8c126b44226d
736782,3fce915b5bdb2957ff4a87f2fb538bbd
736778,ccb6a462a4f535adf9cd8b7aae6ed87d
736779,379733bbe7f91f5b5719e72fa86488eb
736777,ac3065a9744c1549ffe7eb02835fc201
736776,717f80c505c538085f7730c0c100fe38
736775,223e80f0b573689297ce5d82489b4c7c
736774,2903f5c3fbd3385364d04843b4c1b7b8
736773,15809a2df9a00eaed9ebcfc6db805057
736767,ca267a97ab9adf19e752199ec26f0de5
736771,75a029297bff6686c2e5fded5ba461c2
736770,c947d5d77b10d283897b36222d55e3ce
736769,0c74d81e2e1512443f99b218990bda1c
736768,7920d078edda8530b1036aef000ad71b
736766,a352ee338bc81423d280c69ffedfb7e2
736765,4507bb9450e2f737bb1c201243dd05be
736764,d03dc326c81b7fd9453f4c62b56dd061
736752,9f9bde04515605e384747ec1e715cd6d
736763,0d8ed33e21067c079034db245e5f7e5f
736760,62654f1d7dc920edf8840c0f45952610
736761,9e54a1c6bfd6424a3d20c7c8b5c5ad7f
736759,c5e40ec355dcda1e90a3ca8719401460
736758,9bb6180b00258497a95e2e3aa5047e54
736756,603b1d313c1c93a141c9120b6065cdfa
736745,ad883fc81b7aad4f51675b1d6114d2fb
736755,340c1944c9c09383902b39cb7565e176
736750,cfb01bda255c095b6c824a045431edf1
736753,c206d5ce02b9ccf11c32a14c27b676b4
736748,cdda11ee1972c3e8089da7a7bc4fc5d5
736751,8d96d441a151b432e803114df2c18b74
736746,ae3107c2bcb956ca53f8ee7ab9c8615e
736743,df6a9e4b40b8798c2c5981268aa74e42
736742,d35b7f64d97fae4086de16546e2d1478
736741,cd4654383acabf57d977c57e2b02f5a0
736739,fd21bf17cc9bccfbe1bc1dd335b32d2f
736740,91bc36698be7f497ac46c41edf4d72ee
736738,dfc7b1d4904e0e9743bc1684d68fd47f
736737,f996bcb3d3660f9c5d593404e372e8c7
736735,c2862be94e9daf21fe8a4b9126fec654
736734,8aa2be897874b918fc5235f758e6599f
736733,2d6b2379655eaa43f5ba275b67eaca3f
736732,acd6a1d70ea45c641eade6ebdb28cf27
736730,d00d7adab3821a5b1ef297e5afa1fe2b
736729,03418208dd56b8d910e3345d8d0878ec
736724,0cf3d4b1f324a09556d407eba978f196
736727,236b6d8d2086ca8a51f16c917c191785
736728,e8590eb1d81f6eeb61d7b5ec70536160
736725,bf9a3f3066e22b330d3a6de9784dca9e
736723,af18be9a5c9a5390b6991c6638448a49
736722,7c61672ce483d53e3d14d0c10d1b4767
736721,bd8d07f80dcd28863c63ac57a8107302
736720,87e0e6b8987d3738706f2ba897efc4b7
736719,573b2c74cc2298a06c7f087476becabf
736717,14872ae6c5fc60391fda3919576e5f31
736714,70fccbb3137108886e23db71e0506d6f
736715,00c25a675a37e4615f1a49368ef58a65
736712,476cabfd5f59e134f1a79097aad972ee
736711,7d10306db9122eb3cf1e2120d076f399
736709,936625c2480b023ca82f0f2a2afc55b9
736707,87b9c8984754f0c346e94a4e6336415c
736706,d1c028f58ad48124afc9ddb28bac19a1
736693,7a25f7e490142ffeb400f524d470647a
736704,1f4f79a1ddd9f6c9db3fc29014d06357
736698,468c9dbf2c1ee4ff7ba393700368ed3a
736702,420fc4b505615081edcc01b3e640c6e3
736701,1279c6f6a58ed0a8c68d0682ca7a54d0
736699,46dbd964ab17d8149c21521e9726bf5c
736697,1f66c79d18935d718c1dc76ab01857e3
736696,e066d83a904b62a13d421e1881f595e7
736695,5aefacf0184c03c8a4840e29b3eeb0ce
736694,7e4b94ec5f95d0b6832d68e91fd4b6ca
736691,f2cf2161ff08495d1cf39175dc8fa4f0
736689,8f6d518eb0ebefa95bed0b32df996013
736688,65ab1c172f98af352e3e348a0323d580
736686,43899a0c68cba0ebd1b0edd92a7f8001
736685,02a66834443dfd7026e40a2adae1ae23
736683,63a4320cfdfb89592b571dff7e35fc13
736684,1b2cd1f068631e0a10c11b0a8d7ead22
736682,a24f3c07ddd67f1f5f4694c76eaa723e
736680,c55a14dc9b8992d951ef8c7b0e9051d8
736678,2dc0bce5a4176c4a2a2db735ec1eb59d
736681,23931e0cbf844c1825fd67bf3fc40289
736679,337ec056f96ed95a2634d2f5195c357c
736677,2f428520ddf9bd8ab627ae55597c8c0b
736676,f10f2db5dc38ed2a41b3085c8c03178d
736675,e89c1a8f239c12cf63a3de7b5c3fab1b
736674,1cbbbaae974b4fe9865db16e0d641492
736673,1df861ce9f7e80b7abd2da8df49f538b
736672,9ac7124e656d46afa0174a418fdf0743
736668,9f2f939e612a05ba21724e323f7ed1dc
736671,b2b19932335d2ad38ceb53d6f06edd61
736669,8472a651afe66b10e9f251bb5fbe500d
736667,64a278367cafd975d42ed9cd9b0927b8
736666,d183142ce7726e34bd70a6171152a442
736665,015642adf8077d1d4f8f78fe3687fce6
736664,7360dd89d876c2c48df3de8875830223
736663,238ca380fa67cde043dd98e8b8c2bae3
736662,76d00a2a5d133c32f3e3d310c5df2b47
736661,2ec022ed382c7f78c4adc0748ae34742
736660,c90e2862cafb4616888d9d297573ac11
736659,4a4bee5c6654c76ad46a9c5aeeaa5d4c
736658,9ae993e584f42e2eec66bb5c6ac8ff38
736657,c9e7ad5cf39c116a8d6d6260e6917e10
736656,052be6e5793d22e6ed2dd53d05106a8f
736655,ba196e2d262447278558c97b21005db2
736654,89634ff6d7ec2ffd0d6e156b8ce0bf2f
736653,5e44b1a2fa28533db44ecc44c304a8ec
736651,aa356316882b2989b08054b0964d2732
736652,9af999cda7c3c3c32d0b52094504c186
736645,709cd0c4c8dab098933dad275e1fe773
736640,10a2eba97ccd91f1e2e741ec86f3a568
736650,7951c265ee04b1b0d594da6ba6fa07ef
736644,74ed40f9a05ec778499bfae534282a3e
736649,7d0b894448a8f6a2c96446d7a7f8a8b0
736648,75d168b7a74985af45b1434f11e17cdd
736646,5317b65a79c348aeafe7fcb9d8e73dc8
736647,19329e81393824f9171356ec83046154
736643,427c9cba6c153c284fa3e9d107fc0e62
736641,df59cc1258619720e2d562174e364d45
736642,4ae0800ed0c99f745cf47d5d6452155c
736639,8fd231fba6abf8a9791b3c4145a64a69
736637,03cceb5ea1d44481da8c967af2aa20a8
736638,9dd1d365a7e97762f91aee5e742881e8
736636,38d400a3638683a837f160ae64b8c666
736635,e656baea7fa169e0318ec41f6def230b
736632,a6e5cdb5fd6f4a1e918928c62826de27
736634,5a59d0f7666deb71f8302f6e240d80d4
736633,38f2598c4d6c719dd74cecc92057222f
736631,d5cae54bda20fde693c15ece837a0170
736630,c5859caf3315432ee98b815b5f0110f1
736628,9e1bdfaf47db2a0e17657c7ce11b682b
736629,1c13c8a231c6a412af290f9c77130f31
736627,880a434fbd40d8f62d6211689bdd5cef
736626,13f007fcd584f3fb639c190958beb0d0
736625,bc27f3b424a2fe54bb577153e022c72f
736624,3e0521d1bc0170784b5cc606d049d8aa
736618,f2aa69da01e530a6545f7a1a36022a7b
736623,6ad15e09e72e85515f9a54b8ce446dc3
736620,aba69e2c70a0254aaa72e83801374fe6
736622,85bf31c89bca627f1c326f211353301d
736619,f08c14cd322a88f753bffbd908d33cb6
736616,375f1f9bb1a0de7e9c41b8756693cc19
736621,837e52d28921385d53475a2ef5b02a17
736617,4540d1162d09eee382a097b3687f3ca6
736615,9dcdd0f5e67899ca68ce444ec35ee52e
736614,8b88d282c24731090dd0e35fc0c7aade
736613,651b996e2f7d3fcac8f0bc2bfb06c32f
736612,468e393d0cca71a6fe547e47af5c93ca
736611,d90527503207165ccaec5ee5a8d04f60
736610,ce39003e3277a432edee3f04e577612a
736609,615cc043f6c62895ecfbd63d3f7079bd
736608,642fd93fddeb3ddd0089a30e1ee22a9b
736607,8b864059ce9361f35cc72454217e2e59
736606,31548c91655c94b00871ba30ea378b5b
736605,e66b51c2b918bdcef73c3903612710bd
736604,9526f664baa612bb38ea023c4b5aa95f
736602,85fb9f9d111fb3564d5aa99794b52fbd
736603,ac2cac42650b01143b48349aea2fae16
736601,c84c2f8791237c1eb082480ea2f418f8
736600,05212180e497c656df76ecc5ba5d6e40
736599,a696a41f0efffa91e5b8c8b6d2059c70
736598,f25e6aa9a43fda63d68d3c736d86ade5
736597,4e8108a214cab9c12515ed03f4de17d0
736596,fb12e9f30fa1f8a5907cd4067e9feefa
736595,ead0772402da09e4e986d974a905cffa
736594,dbdf7783b3cc21162805cf87bbc66b48
736593,9535b7e8ad7b5f3a2186eb76e12e24c3
736592,30058343e9a775359e34110ce8295c83
736591,44004bd013350ebb200dc17ace566d74
736590,d54ded9a3c768257f194c00f77578a89
736589,962121611c35c072c36d21b100a4a5fc
736588,114cd46107f7652e18614ab4f9266423
736587,6ac6d26e263092319ad9870591fcfaf7
736586,dcc93dacd44ccf7c88db38b59df22f90
736585,900f875ac1103e1e14413991b6eddd59
736583,6750aff773cea78f4456f86a1be63b19
736584,4478cacecf0c865184d2f9b9a5bb9beb
736582,4037070baf29ac2a06d718cd020eeeb7
736581,48461a7bff5e72d9fc292a241321fd73
736580,0cab7ec60119d0be46e2aa8ef86937e1
736578,0661ad6e3b259c34e324842d259eee4a
736579,1f91f75e6b1942cbb885e2f355719396
736577,6dec4d4c3749d790b54d9b266bb38fa6
736576,1fd5ec37fb5d27d3c1cc57809ff61420
736575,3fd3c7ddcfbfa48f997c680be9c92456
736573,95fe8ac6c93bb5b0b4d7effac8243a99
736574,131f9422309c78b65a0703566f222318
736572,40838a9050aad9fe1261bd855f94e23d
736568,737afa2a3f514fb5f596a60077bb4ffd
736571,0c76b064b634e70de2d27b206c358dd1
736570,e276f52c0bcaa2a7f95619f51d0557b1
736565,a3323e248d05d8914071d5df4e3c6be9
736569,438fa19fc2441b22425edff74273d86b
736567,e77cfd4d5d1fbe3977b5b77c11486208
736563,91c66b9c239391ac5c9c26c9c58168d5
736566,d5e56971665474f73d000a737cd81406
736564,7414baf45adb3905504d5cf779e9245a
736562,bf0f0e437d60b52ed39f9cef7550aa4f
736561,eaef9b0267d664afe03ee31187adb663
736560,5859280c2bf69df01f4094af05943195
736559,b2872134647cf95455734740a460ed4e
736558,2e2c911a9bb406ee04651686a551f974
736557,7e82647048250ec2ab2e8947d090e005
736556,6ea770f3add09bd01feddb23e87c9a0e
736555,a676b01f8ebd3d5e77d59857ba68ea2e
736553,de63aecf062ed86addaac11d407452fd
736554,b9d376447ae9b5f9297386e3e580307b
736552,fd305b79f5ae5e98db892d40e13f3bc3
736551,2c3f1310d7a61952c83f2badd01bcdab
736550,3b773914af01433227f087411f1aa23c
736549,6f97efd1c08abf6786f05b8b11b9827e
736547,7bd62bbf992eedb8a03aea9c27285d8c
736548,11cbf0cd2cd7619c0282d52c450a2163
736546,17f962f556c48b115d58c6b09d0e6ac5
736545,4d0a494907790ef7bf35fd7d117e0bce
736543,68ba2991ca1e25f148843b046503ddb0
736544,5060d3c61dee7943c502af111bd5eae5
736542,0608a51680c0ffb93399b0166c67062f
736541,5a9ee87cda90e8b1fe62d277ee4ac8f2
736540,b8c1483b626d932d20f7727ab80f7733
736539,ca5acdf1f8287d23a4e78eba9378ee4b
736537,b3344c22bc0b5eb2df73ed39544f875b
736538,4ce34dfecc3e44b46be64afccb8659e3
736536,9a879f3a1f84b56df9e41284c56e8e38
736535,42ecf72f655a3687b9691c0de385de21
736533,e4cfed2fb704dc09e4db43b273542769
736534,2b0fa36050576a0098f01f6c94b982ce
736532,6df81bd5f794b478d33eff7c5bf89e39
736531,95d32986c0dabea813438888cd8c57bc
736530,6c424fe702b1fa3c3ebfe47bce8ab2a4
736529,8b3449403ee36fc60f1f1887805d5c09
736528,8b7e74b460e7931bf454c4668847bcab
736527,54f034178470ba941d8fa0d8e48e5e46
736526,f0d1ced18ea8e59862bd7b98e26273f7
736525,eb765080d729cd2054d942427750c7d0
736524,873201c15bed1b6303b1a13c02d13c48
736523,5a94159b60c67a250ea392a12864e308
736522,b16faac29de8bbfc866d476a37b0495a
736521,568a60734ba48050ad3e750c9515b93e
736520,72a977e69e244d9aa226fae8b3f08178
736519,a99379ece5cf69c0b69ddb5e17064538
736518,465f154e0b43989a18cf94d942c02bb0
736517,fc3c4cb0fa2f0b97fc931c78e1d0317f
736516,5e68486932f5d34f812384714d979b05
736515,16c2d45565caeeef1164b58e028cbf79
736510,4be376b3f5acb673e53ba143ade7564d
736514,72309788394fde77f911f86fdcf3c8e6
736513,ffbede22a535dc0faaac803d84de1b53
736512,906e8d5d2cb5275ef6b94610fb8dbc23
736511,2e914880b45fc2075ef1b28f647945ba
736509,81cec34b5bbf3769abf737bcaca7ffd2
736508,9d25fa6b06a66985fe56f7d5c2952a9a
736507,b3ec014a01a4069ed54c5bad59c36ab5
736506,e7242cb38e1517c22291e6e45c179a3b
736505,9c42eaf7e2490312eb3c2be7e560ed4b
736504,14026d7478c1406601f54772fc9830a4
736503,35b553b1dcf90c22074fc8a9d9f56c98
736502,23eb6a08abc2f3089b55fdcadea86691
736501,5d2984f1136af1598141d9bef513a64a
736500,58686cc1737fa9664e21d3f5f0925ec9
736499,556155aa8682a44770e861153a8d6523
736498,0e60ab206e2f44d68b795c4f742b671f
736497,ef01007836f70aeb6b171e78659d3b95
736496,53ab194a8b7216bdacd2554e380cd5b2
736494,c1bb78befbaf38b86374c2053c262422
736495,c57914f68770860387f9172e321c3186
736493,5cdd503fe4f282328731b6da169e8ed6
736492,f7c557279d8e8191b986708d536c80f5
736491,dfc9a855316f19d610e787101b09380d
736490,9dfd904dab8cac840355aa64a3101f02
736489,fa885f8c67b8af1d6999664769db1c2c
736488,2077e5a4c90b11b1a134e45ceb43fea9
736487,e3973c32ed2558f51be41260d92e535e
736486,cd3f8c4437139fd369b9646c6180c10e
736485,2073846aa4eea71928cbf1766f9fd9ed
736484,75e9b52496279c8b6929d1b1535b17fd
736483,d1d7278a08b3e72eb67b22ad2029928a
736482,2100c51055f480d2ad40929b1945d898
736481,f13c0affb5c8a1c712c2b8718930319b
736480,b787be0075737ebbf619e514631826da
736479,12c36d28a820e262fa5fa2be309a5bca
736478,0dc034a314a46bf57f9965f27501ca65
736477,84d9e679b4b9554befdb2c715ce78d84
736476,7a9d73f52ea292a05968e100ff5aa17b
736475,1069917dd9215ab49282a4dfbff07d60
736473,70fc07e34286e02dbfed40740410c15f
736474,0fc7730540ef97cbcc50dd6b62aaf8fd
736472,fc86cd33511a32c94e07a01beca2d368
736471,e9004258fba2ed42c1f01f66d7422d26
736470,0000b099ace5384477a963acde97c831
736469,0dd50a5e09e8fe7625663d4ea6b64be6
736468,7a9a8252c1a5e027748e6a2db59c3cc6
736467,25cf886b1823e62a838ae465144dae20
736466,6c8dab497aedce909b11d09b7669b099
736465,5600105b4b392ef156f70ec04ba411ce
736464,f9a8d566a4874fc3bcf2a825f488f631
736463,ad268bcb9006ff74ae15c9f3e05df957
736462,4a8b00c83ce249dd19a399df4b60eaad
736461,70550d9e8d3c94395f4316c72f79a65d
736460,f4eb49f94a0df81e74919f4b4a8ccfb6
736459,956994a61fc7c2f8ab0c7435ee4c5244
736458,e2811991fed28346809e447125a8ef55
736457,2597d1a1f1a986917f9a31f0aa4999f9
736456,0ec460aec7d6efd99e6f635952af1c27
736454,854acc65b14c5014e933dd283f051e21
736455,5bd00f1f34e7a0e825f0de12087b8d88
736453,f4a3d934fff652baa01c3356dae5f1f7
736452,61ae66bb20124dc02dd8b579be5ef9ef
736451,f00720b7e56a4f6ba88119562eb2e69f
736450,6486e2dc09219cd843d24fa6da763655
736449,256fbb44bd8ad8f9613ddbd4ddf65ffb
736448,612c27221d7c5e43ba541578ce6d4d7e
736447,acec293c28f94c3011a00b271a4ec71a
736446,a90e713f74736d06ab1a6d4677065e60
736445,826a650cd4f0117b8a45b10a3d624ec8
736444,58307373ab38cb667ea211537981dd12
736443,bcf97de0d3fda664bc9b446b51438d77
736442,a55f0ba6b143d3fc2125f6a2fe886ff9
736441,b02d0a2b468d434635779017e765281b
736440,2fa54e9fc6ebe3da9f5b371a2c69fe11
736439,c3dea92ff5d975a1d31ddb18c4b25b1f
736438,35ac261570251e4e71ddffd92efe9a1b
736437,fedada3d06c3d9f5bd87b2ce6e91239f
736436,82c80fb8b097b609a236291522c448d2
736435,63c8f3dfa85613cb19f03b039db00112
736434,449891128c8370fa754f7a386572169b
736433,7ba0940bde1c9b73833d9e7d3416dd30
736432,eef11efcb3295a9fa3a4fbe7e89d5783
736431,bee802c7326ce2fa7b5082c375108821
736430,94d5c67074ddee758d4060796e15b233
736429,ed12a25bc8f736b5a872b77f9ee99986
736428,6c45d77eb1d2c7d89578073d1eccb4bd
736427,a71efc68863ddf3ace0e338feed1c99f
736426,38fb47c7104ceff6fa62c52b07f374a5
736425,72916cf30a8d742b070c42e12fc52eca
736421,c20740696c364d4b43b99155127a0ddb
736424,f0f64dfafd9400e71c885135fce3eed1
736423,d737fd75c4d121cfb53151240eded967
736422,199b566c02129d43b5a30c7137448002
736420,5fc72690ef98cf35ffe11182536e6e8c
736419,36c81a39d6cf50c29eb1b6f9fd25dfab
736418,29778cc87dfce49ba4f9fb3b6aca9bdd
736417,ec4fe3965500bb667e0f8700bf7bf225
736416,a8ecd355e89a4e158bb2d4d13795fa3c
736415,c16d67c7ce39c5998b118dedbe2497e5
736414,46efa23a7023e3b1a632d597d1a7fa46
736413,f575538d3767f7719be14ff0ff530f5f
736412,ac7df401dfa6a35216ee3036c6f99d4a
736411,c39fe45d8b81126d4c74d8e4f1404121
736410,7b541fbf2fc496ee83e1227abe14cdce
736409,4dfc28bd2ee1bcb28ddea88dea56d420
736408,3efb8c783c74432efaea8939edaebe15
736407,be5a94547e3b3df7b91f094e46fa3f32
736406,5903ea9eb83319c0bf6c4bbc95520fee
736405,b8bbc40fecf1430d8315b14458068e52
736404,31e59422ad1a3f123a47904e7bae16c3
736403,5aca9e5f78e507caacab710050429a27
736402,31c30076a29254e17864884d2a5868bd
736401,2a384d631eaa55639260743bfd84a626
736400,e5a1291376c9fdf19e2057bd3b59f2ba
736399,58f44e3423a73c72f1a6115b50a53b5f
736398,9b055557855712255ee0f4e55b6b8ff2
736397,a68ecdafd7f716add1bcf5352b08383b
736396,69d07b236176a45ac898900edc1e48e6
736395,4bdae8c3c14b6f8c1c7f6f54eec6438b
736394,b166b8f33c7a8a1d2269a9818a38c8fd
736393,6c7ecb15f735d6c965b3f59766a70d22
736392,5fc391de471b3717fd84d76aea3af73b
736391,9acc1f72ffe9e31072f4fb8c0da58805
736390,9181c76c17ce4cc46eb839d91684ccdb
737184,f96268142547ab502a294e3c4cd28f98
737178,e96b556affd547b3e534e2844fd78508
737182,e72026b9d190fcf30263fdf7efc7afa0
737181,8dc4fb42d7c7b6b6a39f38e0c38a9eeb
737179,850b36cf870d79d3b263202c6ae815ff
737177,5c07260648b530540eb422d59a4b570f
737176,615f5176cb42fe0da4292e76f941b13e
737175,e3f7f11c50070a4f0c22a40f09d47869
737170,5744fe0283edc3442a58e3929887d4eb
737174,50a93809d375f5f502673ddbaec0e44f
737173,250dee1d422e444d9b0b76200d115f97
737169,2a1c2775b1da861f7969bd6223d8d0e4
737164,a3f670c3952c974d46d50a6c43c9c4a9
737157,c04d1899a6837f7df56d373197c0c232
737168,31ef5a6909620fa8a9e84b621759caa3
737165,d6c6424c797cf116a239390bcf579ead
737161,110afeaa5427e731e0d52909bff885b3
737163,6361f9a6a8121f0d6e5b7be10fb7ce06
737159,4007bf6254cc70f0e9127e2de2ea73c7
737158,7cb56d9505fac982f04f744d8178e208
737156,0cc886245598c866e3e8f32258e747b5
737155,e14cbe5e2f5245d74904c9ad8954a7aa
737151,cc2d6021019947aee347de970e0ae892
737148,efaee520c679787f6c1541c4d7f75d40
737145,94ad3c1700e9f4de270c9b236699138a
737146,8a0bb2c605f26a4b21a8466c4d0446b4
737143,8e481a0f4c9ea7d60ab8f1021573f780
737142,0060b131daeb3e8db25c5ae788c01d9d
737141,9b031cfd88559d369a77a232a9b18d07
737140,7b13a091231bd90b326259f98aad9da5
737138,b8f7694a28258c2f72423ddff8fe3b38
737137,5b96508ce8f1e40a8773d205dd4ff4a5
737133,3b35b99e58e6223bbbbadbcd7a878e90
737132,ff1d5775a7efca9a8bf4045a1652969c
737130,26e4a08c867ade59e16e3263a09a53d5
736390,3409af164b4903ebcc1364def00e9055
737128,4a7ac0978b8b84a2aa099db1c93e019e
737127,761a48bf0903ea826f6dfe9a35bd67cf
737124,12a0f0475dd27720ad2ffe2a6a8d5c3d
737123,4f4e52997401e5e0e078ee2e7f4c2cb3
737125,e000b08e180fcbe265f65d31cf059c77
737122,6a887c82d7529bea77f80edbbeb722f7
737120,72203c38bde321f3e029f55de349e430
737119,68102b7a7c5a768876e97feafd31bf56
737117,014dfce005db5c9ec80afb9a5ac1f392
737115,1568c9f2d5957580e3bf605bc1b75a1d
737112,56aa14d05003a7f65fb2464b1a490b4c
737109,94056210e50efceb20cb8711c96b2f1e
737110,7882655b603e508f5a9f6185263831eb
737107,b3291f653cf12c94f0babdf50bc3a3c7
737105,5126e71137a373dca81b3edec642f27e
737104,1d5515f5cfbfa36f92d04932b4140c54
737102,7498d234dd06442360cd5a41187b0e15
737100,b30d83497a199061fba5b048f48e6959
737101,d13e3eefcb1b7c2f796a8c960b4055bf
737099,c3bf0066522500db2ecb612c476e516d
737096,235cfe48bc1cec859b5820b7caba86c6
737097,0db8dd1f0d913f04aa88c16e5e5f87ee
737094,d42efdba9b4ca6c48b925baa4a50e8f4
737091,04705725d5673e60af8f85e998e3c85f
737089,1f2aa2c696b75401ee9c7b45dca3150f
737077,9c89657f8c8d2ba120eb70d6760f5b42
737087,6741c8fbb80341468c7556222726f807
737086,ddc9757b2c81aaba4cfa6118ed143dd2
737084,822bff7779c716b42a0ec3e33d60c432
737078,d700e1f98a7e990e12737d7866379bb3
737083,f738152d467ee1dffd19467b9d374c7f
737082,d3937c8c9f33662b24a3274e5c51fc35
737081,1c0f723ea25eadf90db3e6874b2c5bf4
737079,895088ff7d5df2615f0883b6257ae5bf
737076,83f0ac58d27e991cd45191369cf6aaa7
737075,83d7beb4edd0acd627e761b5e4d3ea5e
737074,8699db94d3f7b26ab84e13be0d947c30
737073,e7d2f2b42569d6ba4de1b845dfc59048
737060,8c146eb8d9c51c425128e8717222c11d
737065,e0b3a4059ef13263b8d90828b7bee2c3
737071,dad65b4f5a21bc8ee4f5c53b4bbcda8f
737070,fce625ec2e77396ca283fbd47ef40dcd
737069,ea8e3a8ce5cd35e9b34ca1da79529637
737068,74ddcaa2ad443e5eec5457b3d4c352d2
737066,4b6074d00bb3ebd7429a0c726dd7a727
737064,c97be460d14a151791377277a2afeba8
737058,e83c9841ce4c71e87be36d4fa44083b4
737063,ab9d60abc7652f90f7494152974d861d
737061,0afac5aed4b724e33a32264935a13928
737059,83ec17f5963ff6b0b3292934ff0caa01
737056,40609daae328dd215e6495d3b4c0fc8f
737049,b8df7ef19389e3622a57a980e94edd66
737055,1dd5e0fbc316db7ff706a5ab7fa174f3
737054,c6a62e97d1c71930334f4f50c9d8a5f5
737053,2f78583273f2e13e0ea24201afc2940c
737052,563c4170e246e8ca2b45f97c293d4421
737051,22f2fc3a8e64d3e0140c8c493748de42
737047,071eb7e177ec231ab673c1f0408e18ef
737048,084bc52b0c67f526ec60891ebcea3f3f
737046,3ee0cc0b54f57c05a6ac1a985a0cc4a9
737045,6afdec99b51c54e9be414787f6089ac9
737043,9992c52391db0793d41ec727a3ef351b
737042,509ec5a06698c6323078391eee1ce736
737040,b1b2b7d75fee86b27943e9c54bb6b230
737041,e06c7f25868741bfd697ccdad33ad23b
737039,e2da23f7f5b66885676bfd7c6e8e1c38
737038,a3be93b34ed338a900c1717657f9e27b
737034,09c573e35535c9b2303891c2f1c274ae
737035,bd12a5a37d3de9fe0d7008c6951caddf
737033,f3d0b1677366f6fa783d0fa048421636
737032,a7d2966a3f8aa0ef55004bc8c65c6aa9
737029,7afe06a1fd4b4d4f1fc7af41b98453bc
737030,44dc76b5a60c1bf2fe29046a44939a00
737028,c87c5ba4288991dc82de4af01e8afbe0
737027,1a159e0d6365bee6f228b5f413d3d3d8
737024,debead6f964cdf2bca5caaaa6434b1e5
737025,f819f1553f496cdad65161394076006b
737022,e96e3c1401879590890f1ca9e811f196
737023,9d5fe6b8c9799d79c280e73a86361909
737010,5a162306cfab7dacfce4a1413387a954
737021,16a6f4a67d42d50bca27cb8f753c0f83
737020,c723468e0d32a2d33a8f54d51c4c583c
737019,ddbeb32bd10bf260e939b3274cb280dc
737017,4c97f6a29ea91434a0990680e90d6d70
737011,34636acfed19322e8c703053dbe790fd
737016,bf23328cf07c7072a0dbcc5cd3ce7514
737014,683ee5d98422d81431ebc63cd89a9859
737003,df05ab9f97d712b5f8e1d2831aed9d59
737012,d300d2d7bfb53c5aadf81d801f837b8a
737006,2e237945b89379090bc4863867f6ddda
736998,82fc60e3a86f20e3ddabdb170739846d
737004,790166bb0556cd64d28547c9282c0f92
737002,34a60541956f229dbe97ea549d3c40a0
737001,c46d846b3123ea6d25c07dd8c85efdb1
737000,88d8fde43c51f7d2e0beb64104ebcc26
736999,5770e1e060c2cff5892f27fe7caf0510
736997,3410488e35b0ff34bce46caa30f23df1
736996,003dfcc2e6a13bda5035e1bb3e41a739
736994,af09aee0d5df44cc7e8a15fe6fb25654
736992,8221d3b14692469d4a393fc64ce0114d
736993,3fa3ad683e8c3e59ba7d3efa3c63382c
736988,1afc06c42c201ae879d7a07ca400558a
736991,d27958452082a53f8cac5a7da25817e9
736990,7bb552dc91cf94d910bb27b81829765f
736989,42fc8895f54fdb01683e019f9b66a3ad
736985,dbbe2f263be153c0bb11c338562b3fef
736986,3732f6681b8648e02bab3535d47b3267
736983,e64ce1834d3411f00b3eca7a0db827d7
736984,43431de42d209c2d73c8544310c084d8
736981,bc44e75f0dedf1ccdab2d40736b6fb36
736979,4f3e095009a1067a8778ed0be9008074
736978,91c9bb2de6d23945a56a43c327829b8a
736975,7a1455fb7e531dd80fe2e95d910b3922
736976,34d2b737a2519c01cd20f99310500f89
736974,0785d7af928230ff84d5b53b62825885
736972,3dc88f95d45894a6da0b1620779a6344
736973,9e2f95299d47e3f4508ade9cb54ad711
736971,1c3fad1e68d516374a9f348bada20fba
736970,d956dc551eb13b0fb5fe118d0e7feae2
736967,2755fdfaa460a8b3d1b4f4655888cc3c
736968,6a8b2bf8aec2a616e4737156cb879ed5
